{
  "name": "mavlinkdatastream",
  "title": "Mavlink Trigger",
  "version": "0.0.2",
  "type": "flogo:trigger",
  "display": {
    "category": "MavLink",
    "visible": true,
    "smallIcon": "mavlink.png",
    "description": "This trigger receives Mavlink protocol data frames"
  },
  "ref": "MavLink/trigger/mavlinkdatastream",
  "description": "Receive mavlink data stream",
  "author": "William Karasz <wkarasz@tibco.com>",
  "useReplyHandler": false,
  "settings": [
    {
      "name": "connection",
      "type": "connection",
      "required": true,
      "display": {
        "name": "MavLink Connection",
        "description": "Select your MavLink Connection",
        "selection": "single",
        "type": "connection"
      },
      "allowed": []
    }
  ],
  "outputs": [
    {
      "name": "SystemId",
      "type": "string"
    },
    {
      "name": "ComponentId",
      "type": "string"
    },
    {
      "name": "MessageId",
      "type": "string"
    },
    {
      "name": "Message",
      "type": "string"
    }
  ],
  "handler": {
    "settings": [
    ]
  }
}
