{
  "name": "mavlink-datastream",
  "title": "Mavlink Trigger",
  "version": "0.0.2",
  "type": "flogo:trigger",
  "ref": "github.com/wkarasz/flogo-mavlink/Mavlink/trigger/mavlinkdatastream",
  "description": "Receive mavlink data stream",
  "author": "William Karasz <wkarasz@tibco.com>",
    "display": {
    "category": "Mavlink",
    "visible": true
  },
  "settings":[
    {
      "name": "connection",
      "type": "connection",
      "required": true
    }
  ],
  "output": [
    {
      "name": "SystemId",
      "type": "string"
    },
    {
      "name": "ComponentId",
      "type": "string"
    },
    {
      "name": "MessageId",
      "type": "string"
    },
    {
      "name": "Message",
      "type": "string"
    }
  ],
  "handler": {
    "settings": [
    ]
  }
}
