{
  "name": "mavlink-connector",
  "title": "Mavlink Connector",
  "author": "William Karasz",
  "ref": "github.com/wkarasz/flogo-mavlink/Mavlink/connection",
  "type": "flogo:connector",
  "version": "0.1.0",
  "display": {
    "description": "This is Mavlink connector",
    "category": "Mavlink",
    "visible": true,
    "connectionsupport": true
  },
  "settings": [
    {
      "name": "name",
      "type": "string",
      "required": true
    },
    {
      "name": "description",
      "type": "string"
    },
    {
      "name": "port",
      "type": "string",
      "required": true,
      "value": "14550"
    }
  ],
  "actions": [
    {
      "name": "Save"
    }
  ]
}
