{
  "name": "mavlinkuploadmissionv2",
  "title": "Upload Mission v2",
  "version": "0.0.3",
  "type": "flogo:activity",
  "display": {
    "category": "MavLink",
    "visible": true,
    "smallIcon": "mavlink.png",
    "description": "Mavlink - Set waypoints and upload mission"
  },
  "ref": "MavLink/activity/mavlinkuploadmissionv2",
  "author": "William Karasz",
  "settings": [
    {
      "name": "connection",
      "type": "connection",
      "required": true,
      "display": {
        "name": "MavLink Connection",
        "description": "Select your MavLink Connection",
        "type": "connection",
        "selection": "single"
      },
      "allowed": []
    }
  ],
  "inputs": [
    { 
      "name": "MISSION",
      "type": "array",
      "required": true
    }
  ],
  "outputs": [
    {
      "name": "result",
      "type": "string"
    },
    {
      "name": "totalmissionitems",
      "type": "integer"
    }
  ]
}
