{
  "name": "mavlinkdatastream",
  "title": "Mavlink Trigger",
  "version": "0.0.2",
  "type": "flogo:trigger",
  "ref": "MavLink/trigger/mavlinkdatastream",
  "description": "Receive mavlink data stream",
  "author": "William Karasz <wkarasz@tibco.com>",
  "display": {
    "category": "MavLink",
    "visible": true,
    "smallIcon": "mavlink.png",
    "description": "This trigger receives Mavlink protocol data frames",
    "wizard": [
       "Choose Connection"
     ]
  },
  "useReplyHandler": false,
  "settings":[
    {
      "name": "mavlinkConnection",
      "type": "object",
      "required": true,
      "display": {
        "name": "MavLink Connection",
        "description": "Connection to any UDP Server which supports the MavLink protocol",
        "type": "connection"
      },
      "wizard": {
        "type": "dropdown",
        "selection": "single",
        "step": "Choose Connection"
      },
      "allowed": []
    }
  ],
  "outputs": [
    {
      "name": "SystemId",
      "type": "string"
    },
    {
      "name": "ComponentId",
      "type": "string"
    },
    {
      "name": "MessageId",
      "type": "string"
    },
    {
      "name": "Message",
      "type": "string"
    }
  ],
  "handler": {
    "settings": [
    ]
  }
}
