{
  "name": "mavlinkardumode",
  "title": "Set Mode - Custom_Mode",
  "version": "0.0.2",
  "type": "flogo:activity",
  "display": {
    "category": "MavLink",
    "visible": true,
    "smallIcon": "mavlink.png",
    "description": "Set component mode (custom)"
  },
  "ref": "MavLink/activity/mavlinkardumode",
  "author": "William Karasz",
  "settings": [
    {
      "name": "connection",
      "type": "connection",
      "required": true,
      "display": {
        "name": "MavLink Connection",
        "description": "Select your MavLink Connection",
        "type": "connection",
	"selection": "single"
      },
      "allowed": []
    }
  ],
  "inputs": [
    { 
      "name": "COMPONENT_MODE",
      "type": "string",
      "display": {
        "name":"Component Mode",
        "description": "Set the mode of the component",
        "type":"dropdown",
        "selection":"single",
	"mappable": true
      },
      "allowed": [
        "AUTO",
        "LOITER",
	"RTL",
	"ALTHOLD"
      ],
      "value": "AUTO"
    }
  ],
  "outputs": [
    {
      "name": "result",
      "type": "string"
    }
  ]
}
